timestamp,station,event,details
2026-04-13 18:51:54,1,detection,"{""qr_content"": ""QR1"", ""hole"": 1}"
2026-04-13 18:51:56,1,cycle_complete,"{""qr"": ""QR1"", ""hole"": 1, ""cycle_time_s"": 2.01}"
2026-04-13 18:51:56,1,detection,"{""qr_content"": ""QR1"", ""hole"": 1}"
2026-04-13 18:51:58,1,cycle_complete,"{""qr"": ""QR1"", ""hole"": 1, ""cycle_time_s"": 2.0}"
2026-04-13 18:51:59,1,detection,"{""qr_content"": ""QR1"", ""hole"": 1}"
2026-04-13 18:52:01,1,cycle_complete,"{""qr"": ""QR1"", ""hole"": 1, ""cycle_time_s"": 2.01}"
2026-04-13 18:52:01,1,detection,"{""qr_content"": ""QR1"", ""hole"": 1}"
2026-04-13 18:52:03,1,cycle_complete,"{""qr"": ""QR1"", ""hole"": 1, ""cycle_time_s"": 2.01}"
2026-04-13 18:52:04,1,detection,"{""qr_content"": ""QR1"", ""hole"": 1}"
2026-04-13 18:52:06,1,cycle_complete,"{""qr"": ""QR1"", ""hole"": 1, ""cycle_time_s"": 2.01}"
2026-04-13 18:52:06,1,detection,"{""qr_content"": ""QR1"", ""hole"": 1}"
2026-04-13 18:52:08,1,cycle_complete,"{""qr"": ""QR1"", ""hole"": 1, ""cycle_time_s"": 2.0}"
2026-04-13 18:52:09,1,detection,"{""qr_content"": ""QR1"", ""hole"": 1}"
2026-04-13 18:52:11,1,cycle_complete,"{""qr"": ""QR1"", ""hole"": 1, ""cycle_time_s"": 2.01}"
2026-04-13 18:52:11,1,detection,"{""qr_content"": ""QR1"", ""hole"": 1}"
2026-04-13 18:52:13,1,cycle_complete,"{""qr"": ""QR1"", ""hole"": 1, ""cycle_time_s"": 2.0}"
2026-04-13 18:52:14,1,detection,"{""qr_content"": ""QR1"", ""hole"": 1}"
2026-04-13 18:52:16,1,cycle_complete,"{""qr"": ""QR1"", ""hole"": 1, ""cycle_time_s"": 2.0}"
2026-04-13 18:52:16,1,detection,"{""qr_content"": ""QR1"", ""hole"": 1}"
2026-04-13 18:52:18,1,cycle_complete,"{""qr"": ""QR1"", ""hole"": 1, ""cycle_time_s"": 2.0}"
2026-04-13 18:52:19,1,detection,"{""qr_content"": ""QR1"", ""hole"": 1}"
2026-04-13 18:52:21,1,cycle_complete,"{""qr"": ""QR1"", ""hole"": 1, ""cycle_time_s"": 2.01}"
2026-04-13 18:52:21,1,detection,"{""qr_content"": ""QR1"", ""hole"": 1}"
2026-04-13 18:52:23,1,cycle_complete,"{""qr"": ""QR1"", ""hole"": 1, ""cycle_time_s"": 2.0}"
2026-04-13 18:52:24,1,detection,"{""qr_content"": ""QR1"", ""hole"": 1}"
2026-04-13 18:52:26,1,cycle_complete,"{""qr"": ""QR1"", ""hole"": 1, ""cycle_time_s"": 2.01}"
2026-04-13 18:52:26,1,detection,"{""qr_content"": ""QR1"", ""hole"": 1}"
2026-04-13 18:52:28,1,cycle_complete,"{""qr"": ""QR1"", ""hole"": 1, ""cycle_time_s"": 2.0}"
2026-04-13 18:52:29,1,detection,"{""qr_content"": ""QR1"", ""hole"": 1}"
2026-04-13 18:52:31,1,cycle_complete,"{""qr"": ""QR1"", ""hole"": 1, ""cycle_time_s"": 2.0}"
2026-04-13 18:52:31,1,detection,"{""qr_content"": ""QR1"", ""hole"": 1}"
2026-04-13 18:52:33,1,cycle_complete,"{""qr"": ""QR1"", ""hole"": 1, ""cycle_time_s"": 2.0}"
2026-04-13 18:52:34,1,detection,"{""qr_content"": ""QR1"", ""hole"": 1}"
2026-04-13 18:52:36,1,cycle_complete,"{""qr"": ""QR1"", ""hole"": 1, ""cycle_time_s"": 2.0}"
2026-04-13 18:52:36,1,detection,"{""qr_content"": ""QR1"", ""hole"": 1}"
2026-04-13 18:52:38,1,cycle_complete,"{""qr"": ""QR1"", ""hole"": 1, ""cycle_time_s"": 2.0}"
2026-04-13 18:52:39,1,detection,"{""qr_content"": ""QR1"", ""hole"": 1}"
2026-04-13 18:52:41,1,cycle_complete,"{""qr"": ""QR1"", ""hole"": 1, ""cycle_time_s"": 2.0}"
2026-04-13 18:52:41,1,detection,"{""qr_content"": ""QR1"", ""hole"": 1}"
2026-04-13 18:52:43,1,cycle_complete,"{""qr"": ""QR1"", ""hole"": 1, ""cycle_time_s"": 2.0}"
2026-04-13 18:52:44,1,detection,"{""qr_content"": ""QR1"", ""hole"": 1}"
2026-04-13 18:52:46,1,cycle_complete,"{""qr"": ""QR1"", ""hole"": 1, ""cycle_time_s"": 2.0}"
2026-04-13 18:52:46,1,detection,"{""qr_content"": ""QR1"", ""hole"": 1}"
2026-04-13 18:52:48,1,cycle_complete,"{""qr"": ""QR1"", ""hole"": 1, ""cycle_time_s"": 2.0}"
2026-04-13 18:52:49,1,detection,"{""qr_content"": ""QR1"", ""hole"": 1}"
2026-04-13 18:52:51,1,cycle_complete,"{""qr"": ""QR1"", ""hole"": 1, ""cycle_time_s"": 2.0}"
2026-04-13 18:52:51,1,detection,"{""qr_content"": ""QR1"", ""hole"": 1}"
2026-04-13 18:52:53,1,cycle_complete,"{""qr"": ""QR1"", ""hole"": 1, ""cycle_time_s"": 2.0}"
2026-04-13 18:52:54,1,detection,"{""qr_content"": ""QR1"", ""hole"": 1}"
2026-04-13 18:52:56,1,cycle_complete,"{""qr"": ""QR1"", ""hole"": 1, ""cycle_time_s"": 2.01}"
2026-04-13 18:52:56,1,detection,"{""qr_content"": ""QR1"", ""hole"": 1}"
2026-04-13 18:52:58,1,cycle_complete,"{""qr"": ""QR1"", ""hole"": 1, ""cycle_time_s"": 2.0}"
2026-04-13 18:52:59,1,detection,"{""qr_content"": ""QR1"", ""hole"": 1}"
2026-04-13 18:53:01,1,cycle_complete,"{""qr"": ""QR1"", ""hole"": 1, ""cycle_time_s"": 2.01}"
2026-04-13 18:53:01,1,detection,"{""qr_content"": ""QR1"", ""hole"": 1}"
2026-04-13 18:53:03,1,cycle_complete,"{""qr"": ""QR1"", ""hole"": 1, ""cycle_time_s"": 2.01}"
2026-04-13 18:53:04,1,detection,"{""qr_content"": ""QR1"", ""hole"": 1}"
2026-04-13 18:53:06,1,cycle_complete,"{""qr"": ""QR1"", ""hole"": 1, ""cycle_time_s"": 2.0}"
2026-04-13 18:53:06,1,detection,"{""qr_content"": ""QR1"", ""hole"": 1}"
2026-04-13 18:53:08,1,cycle_complete,"{""qr"": ""QR1"", ""hole"": 1, ""cycle_time_s"": 2.0}"
2026-04-13 18:53:09,1,detection,"{""qr_content"": ""QR1"", ""hole"": 1}"
2026-04-13 18:53:11,1,cycle_complete,"{""qr"": ""QR1"", ""hole"": 1, ""cycle_time_s"": 2.0}"
2026-04-13 18:53:11,1,detection,"{""qr_content"": ""QR1"", ""hole"": 1}"
2026-04-13 18:53:13,1,cycle_complete,"{""qr"": ""QR1"", ""hole"": 1, ""cycle_time_s"": 2.0}"
2026-04-13 18:53:14,1,detection,"{""qr_content"": ""QR1"", ""hole"": 1}"
2026-04-13 18:53:16,1,cycle_complete,"{""qr"": ""QR1"", ""hole"": 1, ""cycle_time_s"": 2.01}"
2026-04-13 18:53:16,1,detection,"{""qr_content"": ""QR1"", ""hole"": 1}"
2026-04-13 18:53:19,1,cycle_complete,"{""qr"": ""QR1"", ""hole"": 1, ""cycle_time_s"": 2.0}"
2026-04-13 18:53:19,1,detection,"{""qr_content"": ""QR1"", ""hole"": 1}"
2026-04-13 18:53:21,1,cycle_complete,"{""qr"": ""QR1"", ""hole"": 1, ""cycle_time_s"": 2.01}"
2026-04-13 18:53:22,1,detection,"{""qr_content"": ""QR1"", ""hole"": 1}"
2026-04-13 18:53:24,1,cycle_complete,"{""qr"": ""QR1"", ""hole"": 1, ""cycle_time_s"": 2.0}"
2026-04-13 18:53:24,1,detection,"{""qr_content"": ""QR1"", ""hole"": 1}"
2026-04-13 18:53:26,1,cycle_complete,"{""qr"": ""QR1"", ""hole"": 1, ""cycle_time_s"": 2.0}"
2026-04-13 18:53:27,1,detection,"{""qr_content"": ""QR1"", ""hole"": 1}"
2026-04-13 18:53:29,1,cycle_complete,"{""qr"": ""QR1"", ""hole"": 1, ""cycle_time_s"": 2.01}"
2026-04-13 18:53:29,1,detection,"{""qr_content"": ""QR1"", ""hole"": 1}"
2026-04-13 18:53:31,1,cycle_complete,"{""qr"": ""QR1"", ""hole"": 1, ""cycle_time_s"": 2.0}"
2026-04-13 18:53:32,1,detection,"{""qr_content"": ""QR1"", ""hole"": 1}"
2026-04-13 18:53:34,1,cycle_complete,"{""qr"": ""QR1"", ""hole"": 1, ""cycle_time_s"": 2.01}"
2026-04-13 18:53:34,1,detection,"{""qr_content"": ""QR1"", ""hole"": 1}"
2026-04-13 18:53:36,1,cycle_complete,"{""qr"": ""QR1"", ""hole"": 1, ""cycle_time_s"": 2.01}"
2026-04-13 18:53:37,1,detection,"{""qr_content"": ""QR1"", ""hole"": 1}"
2026-04-13 18:53:39,1,cycle_complete,"{""qr"": ""QR1"", ""hole"": 1, ""cycle_time_s"": 2.0}"
2026-04-13 18:53:39,1,detection,"{""qr_content"": ""QR1"", ""hole"": 1}"
2026-04-13 18:53:41,1,cycle_complete,"{""qr"": ""QR1"", ""hole"": 1, ""cycle_time_s"": 2.01}"
2026-04-13 18:53:42,1,detection,"{""qr_content"": ""QR1"", ""hole"": 1}"
2026-04-13 18:53:44,1,cycle_complete,"{""qr"": ""QR1"", ""hole"": 1, ""cycle_time_s"": 2.0}"
2026-04-13 18:53:44,1,detection,"{""qr_content"": ""QR1"", ""hole"": 1}"
2026-04-13 18:53:46,1,cycle_complete,"{""qr"": ""QR1"", ""hole"": 1, ""cycle_time_s"": 2.01}"
2026-04-13 18:53:47,1,detection,"{""qr_content"": ""QR1"", ""hole"": 1}"
2026-04-13 18:53:49,1,cycle_complete,"{""qr"": ""QR1"", ""hole"": 1, ""cycle_time_s"": 2.0}"
2026-04-13 18:53:49,1,detection,"{""qr_content"": ""QR1"", ""hole"": 1}"
2026-04-13 18:53:51,1,cycle_complete,"{""qr"": ""QR1"", ""hole"": 1, ""cycle_time_s"": 2.01}"
2026-04-13 18:53:52,1,detection,"{""qr_content"": ""QR1"", ""hole"": 1}"
2026-04-13 18:53:54,1,cycle_complete,"{""qr"": ""QR1"", ""hole"": 1, ""cycle_time_s"": 2.01}"
2026-04-13 18:53:54,1,detection,"{""qr_content"": ""QR1"", ""hole"": 1}"
2026-04-13 18:53:56,1,cycle_complete,"{""qr"": ""QR1"", ""hole"": 1, ""cycle_time_s"": 2.01}"
2026-04-13 18:53:57,1,detection,"{""qr_content"": ""QR1"", ""hole"": 1}"
2026-04-13 18:53:59,1,cycle_complete,"{""qr"": ""QR1"", ""hole"": 1, ""cycle_time_s"": 2.0}"
2026-04-13 18:53:59,1,detection,"{""qr_content"": ""QR1"", ""hole"": 1}"
2026-04-13 18:54:01,1,cycle_complete,"{""qr"": ""QR1"", ""hole"": 1, ""cycle_time_s"": 2.01}"
2026-04-13 18:54:02,1,detection,"{""qr_content"": ""QR1"", ""hole"": 1}"
2026-04-13 18:54:04,1,cycle_complete,"{""qr"": ""QR1"", ""hole"": 1, ""cycle_time_s"": 2.0}"
2026-04-13 18:54:04,1,detection,"{""qr_content"": ""QR1"", ""hole"": 1}"
2026-04-13 18:54:06,1,cycle_complete,"{""qr"": ""QR1"", ""hole"": 1, ""cycle_time_s"": 2.01}"
2026-04-13 18:54:07,1,detection,"{""qr_content"": ""QR1"", ""hole"": 1}"
2026-04-13 18:54:09,1,cycle_complete,"{""qr"": ""QR1"", ""hole"": 1, ""cycle_time_s"": 2.0}"
2026-04-13 18:54:09,1,detection,"{""qr_content"": ""QR1"", ""hole"": 1}"
2026-04-13 18:54:11,1,cycle_complete,"{""qr"": ""QR1"", ""hole"": 1, ""cycle_time_s"": 2.01}"
2026-04-13 18:54:12,1,detection,"{""qr_content"": ""QR1"", ""hole"": 1}"
2026-04-13 18:54:14,1,cycle_complete,"{""qr"": ""QR1"", ""hole"": 1, ""cycle_time_s"": 2.0}"
2026-04-13 18:54:14,1,detection,"{""qr_content"": ""QR1"", ""hole"": 1}"
2026-04-13 18:54:16,1,cycle_complete,"{""qr"": ""QR1"", ""hole"": 1, ""cycle_time_s"": 2.01}"
2026-04-13 18:54:17,1,detection,"{""qr_content"": ""QR1"", ""hole"": 1}"
2026-04-13 18:54:19,1,cycle_complete,"{""qr"": ""QR1"", ""hole"": 1, ""cycle_time_s"": 2.0}"
2026-04-13 18:54:19,1,detection,"{""qr_content"": ""QR1"", ""hole"": 1}"
2026-04-13 18:54:21,1,cycle_complete,"{""qr"": ""QR1"", ""hole"": 1, ""cycle_time_s"": 2.0}"
2026-04-13 18:54:22,1,detection,"{""qr_content"": ""QR1"", ""hole"": 1}"
2026-04-13 18:54:24,1,cycle_complete,"{""qr"": ""QR1"", ""hole"": 1, ""cycle_time_s"": 2.0}"
2026-04-13 18:54:24,1,detection,"{""qr_content"": ""QR1"", ""hole"": 1}"
2026-04-13 18:54:26,1,cycle_complete,"{""qr"": ""QR1"", ""hole"": 1, ""cycle_time_s"": 2.01}"
2026-04-13 18:54:27,1,detection,"{""qr_content"": ""QR1"", ""hole"": 1}"
2026-04-13 18:54:29,1,cycle_complete,"{""qr"": ""QR1"", ""hole"": 1, ""cycle_time_s"": 2.01}"
2026-04-13 18:54:29,1,detection,"{""qr_content"": ""QR1"", ""hole"": 1}"
2026-04-13 18:54:31,1,cycle_complete,"{""qr"": ""QR1"", ""hole"": 1, ""cycle_time_s"": 2.01}"
2026-04-13 18:54:32,1,detection,"{""qr_content"": ""QR1"", ""hole"": 1}"
2026-04-13 18:54:34,1,cycle_complete,"{""qr"": ""QR1"", ""hole"": 1, ""cycle_time_s"": 2.01}"
2026-04-13 18:54:34,1,detection,"{""qr_content"": ""QR1"", ""hole"": 1}"
2026-04-13 18:54:36,1,cycle_complete,"{""qr"": ""QR1"", ""hole"": 1, ""cycle_time_s"": 2.01}"
2026-04-13 18:54:37,1,detection,"{""qr_content"": ""QR1"", ""hole"": 1}"
2026-04-13 18:54:39,1,cycle_complete,"{""qr"": ""QR1"", ""hole"": 1, ""cycle_time_s"": 2.01}"
2026-04-13 18:54:39,1,detection,"{""qr_content"": ""QR1"", ""hole"": 1}"
2026-04-13 18:54:41,1,cycle_complete,"{""qr"": ""QR1"", ""hole"": 1, ""cycle_time_s"": 2.0}"
2026-04-13 18:54:42,1,detection,"{""qr_content"": ""QR1"", ""hole"": 1}"
2026-04-13 18:54:44,1,cycle_complete,"{""qr"": ""QR1"", ""hole"": 1, ""cycle_time_s"": 2.01}"
2026-04-13 18:54:44,1,detection,"{""qr_content"": ""QR1"", ""hole"": 1}"
2026-04-13 18:54:46,1,cycle_complete,"{""qr"": ""QR1"", ""hole"": 1, ""cycle_time_s"": 2.0}"
2026-04-13 18:54:47,1,detection,"{""qr_content"": ""QR1"", ""hole"": 1}"
2026-04-13 18:54:49,1,cycle_complete,"{""qr"": ""QR1"", ""hole"": 1, ""cycle_time_s"": 2.0}"
2026-04-13 18:54:50,1,detection,"{""qr_content"": ""QR1"", ""hole"": 1}"
2026-04-13 18:54:52,1,cycle_complete,"{""qr"": ""QR1"", ""hole"": 1, ""cycle_time_s"": 2.0}"
2026-04-13 18:54:52,1,detection,"{""qr_content"": ""QR1"", ""hole"": 1}"
2026-04-13 18:54:54,1,cycle_complete,"{""qr"": ""QR1"", ""hole"": 1, ""cycle_time_s"": 2.0}"
2026-04-13 18:54:55,1,detection,"{""qr_content"": ""QR1"", ""hole"": 1}"
2026-04-13 18:54:57,1,cycle_complete,"{""qr"": ""QR1"", ""hole"": 1, ""cycle_time_s"": 2.0}"
2026-04-13 18:54:57,1,detection,"{""qr_content"": ""QR1"", ""hole"": 1}"
2026-04-13 18:54:59,1,cycle_complete,"{""qr"": ""QR1"", ""hole"": 1, ""cycle_time_s"": 2.0}"
2026-04-13 18:55:00,1,detection,"{""qr_content"": ""QR1"", ""hole"": 1}"
2026-04-13 18:55:02,1,cycle_complete,"{""qr"": ""QR1"", ""hole"": 1, ""cycle_time_s"": 2.0}"
2026-04-13 18:55:02,1,detection,"{""qr_content"": ""QR1"", ""hole"": 1}"
2026-04-13 18:55:04,1,cycle_complete,"{""qr"": ""QR1"", ""hole"": 1, ""cycle_time_s"": 2.01}"
2026-04-13 18:55:05,1,detection,"{""qr_content"": ""QR1"", ""hole"": 1}"
2026-04-13 18:55:07,1,cycle_complete,"{""qr"": ""QR1"", ""hole"": 1, ""cycle_time_s"": 2.0}"
2026-04-13 18:55:07,1,detection,"{""qr_content"": ""QR1"", ""hole"": 1}"
2026-04-13 18:55:09,1,cycle_complete,"{""qr"": ""QR1"", ""hole"": 1, ""cycle_time_s"": 2.0}"
2026-04-13 18:55:10,1,detection,"{""qr_content"": ""QR1"", ""hole"": 1}"
2026-04-13 19:05:33,1,detection,"{""qr_content"": ""QR2"", ""hole"": 2}"
2026-04-13 19:05:39,1,cycle_complete,"{""qr"": ""QR2"", ""hole"": 2, ""cycle_time_s"": 5.3}"
2026-04-13 19:05:44,1,detection,"{""qr_content"": ""QR2"", ""hole"": 2}"
2026-04-13 19:05:47,1,cycle_complete,"{""qr"": ""QR2"", ""hole"": 2, ""cycle_time_s"": 3.37}"
2026-04-13 19:05:50,1,detection,"{""qr_content"": ""QR1"", ""hole"": 1}"
2026-04-13 19:05:53,1,cycle_complete,"{""qr"": ""QR1"", ""hole"": 1, ""cycle_time_s"": 3.22}"
2026-04-13 19:05:54,1,detection,"{""qr_content"": ""QR2"", ""hole"": 2}"
2026-04-13 19:06:00,1,cycle_complete,"{""qr"": ""QR2"", ""hole"": 2, ""cycle_time_s"": 5.43}"
2026-04-13 19:06:00,1,detection,"{""qr_content"": ""QR1"", ""hole"": 1}"
2026-04-13 19:08:52,1,detection,"{""qr_content"": ""QR1"", ""hole"": 1}"
2026-04-13 19:08:58,1,cycle_complete,"{""qr"": ""QR1"", ""hole"": 1, ""cycle_time_s"": 5.89}"
2026-04-13 19:09:07,1,detection,"{""qr_content"": ""QR1"", ""hole"": 1}"
2026-04-13 19:09:13,1,cycle_complete,"{""qr"": ""QR1"", ""hole"": 1, ""cycle_time_s"": 5.91}"
2026-04-13 19:09:20,1,detection,"{""qr_content"": ""QR1"", ""hole"": 1}"
2026-04-13 19:09:28,1,cycle_complete,"{""qr"": ""QR1"", ""hole"": 1, ""cycle_time_s"": 8.02}"
2026-04-13 19:09:30,1,detection,"{""qr_content"": ""QR1"", ""hole"": 1}"
2026-04-13 19:09:33,1,cycle_complete,"{""qr"": ""QR1"", ""hole"": 1, ""cycle_time_s"": 2.72}"
2026-04-13 19:09:33,1,detection,"{""qr_content"": ""QR1"", ""hole"": 1}"
2026-04-13 19:09:36,1,cycle_complete,"{""qr"": ""QR1"", ""hole"": 1, ""cycle_time_s"": 2.71}"
2026-04-13 19:09:37,1,detection,"{""qr_content"": ""QR1"", ""hole"": 1}"
2026-04-13 19:13:33,1,detection,"{""qr_content"": ""QR1"", ""hole"": 1}"
2026-04-13 19:13:35,1,cycle_complete,"{""qr"": ""QR1"", ""hole"": 1, ""cycle_time_s"": 2.6}"
2026-04-13 19:13:36,1,detection,"{""qr_content"": ""QR1"", ""hole"": 1}"
2026-04-13 19:13:38,1,cycle_complete,"{""qr"": ""QR1"", ""hole"": 1, ""cycle_time_s"": 2.76}"
2026-04-13 19:13:38,1,detection,"{""qr_content"": ""QR1"", ""hole"": 1}"
2026-04-13 19:13:42,1,cycle_complete,"{""qr"": ""QR1"", ""hole"": 1, ""cycle_time_s"": 4.03}"
2026-04-13 19:13:42,1,detection,"{""qr_content"": ""QR1"", ""hole"": 1}"
2026-04-13 19:13:47,1,cycle_complete,"{""qr"": ""QR1"", ""hole"": 1, ""cycle_time_s"": 4.44}"
2026-04-13 19:13:47,1,detection,"{""qr_content"": ""QR1"", ""hole"": 1}"
2026-04-13 19:13:49,1,cycle_complete,"{""qr"": ""QR1"", ""hole"": 1, ""cycle_time_s"": 2.5}"
2026-04-13 19:13:49,1,detection,"{""qr_content"": ""QR1"", ""hole"": 1}"
2026-04-13 19:13:54,1,cycle_complete,"{""qr"": ""QR1"", ""hole"": 1, ""cycle_time_s"": 4.46}"
2026-04-13 19:13:54,1,detection,"{""qr_content"": ""QR1"", ""hole"": 1}"
2026-04-13 19:13:57,1,cycle_complete,"{""qr"": ""QR1"", ""hole"": 1, ""cycle_time_s"": 2.97}"
2026-04-13 19:13:57,1,detection,"{""qr_content"": ""QR1"", ""hole"": 1}"
2026-04-13 19:14:24,1,detection,"{""qr_content"": ""QR1"", ""hole"": 1}"
2026-04-13 19:14:27,1,cycle_complete,"{""qr"": ""QR1"", ""hole"": 1, ""cycle_time_s"": 2.83}"
2026-04-13 19:14:27,1,detection,"{""qr_content"": ""QR1"", ""hole"": 1}"
2026-04-13 19:14:30,1,cycle_complete,"{""qr"": ""QR1"", ""hole"": 1, ""cycle_time_s"": 2.83}"
2026-04-13 19:14:32,1,detection,"{""qr_content"": ""QR1"", ""hole"": 1}"
2026-04-13 19:14:35,1,cycle_complete,"{""qr"": ""QR1"", ""hole"": 1, ""cycle_time_s"": 2.89}"
2026-04-13 19:14:36,1,detection,"{""qr_content"": ""QR1"", ""hole"": 1}"
2026-04-13 19:23:17,1,detection,"{""qr_content"": ""QR1"", ""hole"": 1}"
2026-04-13 19:23:19,1,cycle_complete,"{""qr"": ""QR1"", ""hole"": 1, ""cycle_time_s"": 2.72}"
2026-04-13 19:23:20,1,detection,"{""qr_content"": ""QR1"", ""hole"": 1}"
2026-04-13 19:23:22,1,cycle_complete,"{""qr"": ""QR1"", ""hole"": 1, ""cycle_time_s"": 2.65}"
2026-04-13 19:42:24,1,detection,"{""qr_content"": ""QR1"", ""hole"": 1}"
2026-04-13 19:42:26,1,cycle_complete,"{""qr"": ""QR1"", ""hole"": 1, ""cycle_time_s"": 2.55}"
2026-04-13 19:42:36,1,detection,"{""qr_content"": ""QR1"", ""hole"": 1}"
2026-04-13 19:42:39,1,cycle_complete,"{""qr"": ""QR1"", ""hole"": 1, ""cycle_time_s"": 2.6}"
2026-04-13 19:43:29,1,detection,"{""qr_content"": ""QR1"", ""hole"": 1}"
2026-04-13 19:43:33,1,cycle_complete,"{""qr"": ""QR1"", ""hole"": 1, ""cycle_time_s"": 3.15}"
2026-04-13 19:43:33,1,detection,"{""qr_content"": ""QR1"", ""hole"": 1}"
2026-04-13 19:43:36,1,cycle_complete,"{""qr"": ""QR1"", ""hole"": 1, ""cycle_time_s"": 3.41}"
2026-04-13 19:43:39,1,detection,"{""qr_content"": ""QR1"", ""hole"": 1}"
2026-04-13 19:43:42,1,cycle_complete,"{""qr"": ""QR1"", ""hole"": 1, ""cycle_time_s"": 2.55}"
2026-04-13 19:43:43,1,detection,"{""qr_content"": ""QR1"", ""hole"": 1}"
2026-04-13 19:43:46,1,cycle_complete,"{""qr"": ""QR1"", ""hole"": 1, ""cycle_time_s"": 2.45}"
2026-04-13 19:43:49,1,detection,"{""qr_content"": ""QR1"", ""hole"": 1}"
2026-04-13 19:43:56,1,cycle_complete,"{""qr"": ""QR1"", ""hole"": 1, ""cycle_time_s"": 7.16}"
2026-04-13 19:45:27,1,detection,"{""qr_content"": ""QR1"", ""hole"": 1}"
2026-04-13 19:45:31,1,cycle_complete,"{""qr"": ""QR1"", ""hole"": 1, ""cycle_time_s"": 3.92}"
2026-04-13 19:45:31,1,detection,"{""qr_content"": ""QR1"", ""hole"": 1}"
2026-04-13 19:45:34,1,cycle_complete,"{""qr"": ""QR1"", ""hole"": 1, ""cycle_time_s"": 2.7}"
2026-04-13 19:45:34,1,detection,"{""qr_content"": ""QR1"", ""hole"": 1}"
2026-04-13 19:45:36,1,cycle_complete,"{""qr"": ""QR1"", ""hole"": 1, ""cycle_time_s"": 2.72}"
2026-04-13 19:45:37,1,detection,"{""qr_content"": ""QR1"", ""hole"": 1}"
2026-04-13 19:45:40,1,cycle_complete,"{""qr"": ""QR1"", ""hole"": 1, ""cycle_time_s"": 3.09}"
2026-04-13 19:45:40,1,detection,"{""qr_content"": ""QR1"", ""hole"": 1}"
2026-04-13 19:45:43,1,cycle_complete,"{""qr"": ""QR1"", ""hole"": 1, ""cycle_time_s"": 2.96}"
2026-04-13 19:45:49,1,detection,"{""qr_content"": ""QR1"", ""hole"": 1}"
2026-04-13 19:45:55,1,cycle_complete,"{""qr"": ""QR1"", ""hole"": 1, ""cycle_time_s"": 5.53}"
2026-04-13 19:45:55,1,detection,"{""qr_content"": ""QR1"", ""hole"": 1}"
2026-04-13 19:45:57,1,cycle_complete,"{""qr"": ""QR1"", ""hole"": 1, ""cycle_time_s"": 2.68}"
2026-04-13 19:45:57,1,detection,"{""qr_content"": ""QR1"", ""hole"": 1}"
2026-04-13 19:46:01,1,cycle_complete,"{""qr"": ""QR1"", ""hole"": 1, ""cycle_time_s"": 3.09}"
2026-04-13 19:46:08,1,detection,"{""qr_content"": ""QR1"", ""hole"": 1}"
2026-04-13 19:46:11,1,cycle_complete,"{""qr"": ""QR1"", ""hole"": 1, ""cycle_time_s"": 3.0}"
2026-04-13 19:46:12,1,detection,"{""qr_content"": ""QR1"", ""hole"": 1}"
2026-04-13 19:46:15,1,cycle_complete,"{""qr"": ""QR1"", ""hole"": 1, ""cycle_time_s"": 2.66}"
2026-04-13 19:46:15,1,detection,"{""qr_content"": ""QR1"", ""hole"": 1}"
2026-04-13 19:46:19,1,cycle_complete,"{""qr"": ""QR1"", ""hole"": 1, ""cycle_time_s"": 3.81}"
2026-04-13 19:49:47,1,detection,"{""qr_content"": ""QR1"", ""hole"": 1}"
2026-04-13 19:49:50,1,cycle_complete,"{""qr"": ""QR1"", ""hole"": 1, ""cycle_time_s"": 2.84}"
2026-04-13 19:49:55,1,detection,"{""qr_content"": ""QR1"", ""hole"": 1}"
2026-04-13 19:49:58,1,cycle_complete,"{""qr"": ""QR1"", ""hole"": 1, ""cycle_time_s"": 2.63}"
2026-04-13 19:50:31,1,detection,"{""qr_content"": ""QR1"", ""hole"": 1}"
2026-04-13 19:50:35,1,cycle_complete,"{""qr"": ""QR1"", ""hole"": 1, ""cycle_time_s"": 4.02}"
2026-04-13 19:50:35,1,detection,"{""qr_content"": ""QR1"", ""hole"": 1}"
2026-04-13 19:50:38,1,cycle_complete,"{""qr"": ""QR1"", ""hole"": 1, ""cycle_time_s"": 2.79}"
2026-04-13 19:50:39,1,detection,"{""qr_content"": ""QR1"", ""hole"": 1}"
2026-04-13 19:50:49,1,cycle_complete,"{""qr"": ""QR1"", ""hole"": 1, ""cycle_time_s"": 9.31}"
2026-04-14 15:18:39,1,detection,"{""qr_content"": ""QR1"", ""hole"": 1}"
2026-04-14 15:18:44,1,cycle_complete,"{""qr"": ""QR1"", ""hole"": 1, ""cycle_time_s"": 4.01}"
2026-04-14 15:18:44,1,detection,"{""qr_content"": ""QR1"", ""hole"": 1}"
2026-04-14 15:18:49,1,cycle_complete,"{""qr"": ""QR1"", ""hole"": 1, ""cycle_time_s"": 4.95}"
2026-04-14 15:18:49,1,detection,"{""qr_content"": ""QR1"", ""hole"": 1}"
2026-04-14 15:18:52,1,cycle_complete,"{""qr"": ""QR1"", ""hole"": 1, ""cycle_time_s"": 3.21}"
2026-04-14 15:18:54,1,detection,"{""qr_content"": ""QR1"", ""hole"": 1}"
2026-04-14 15:18:56,1,cycle_complete,"{""qr"": ""QR1"", ""hole"": 1, ""cycle_time_s"": 2.78}"
2026-04-14 15:18:57,1,detection,"{""qr_content"": ""QR1"", ""hole"": 1}"
2026-04-14 15:18:59,1,cycle_complete,"{""qr"": ""QR1"", ""hole"": 1, ""cycle_time_s"": 2.97}"
2026-04-14 15:19:00,1,detection,"{""qr_content"": ""QR1"", ""hole"": 1}"
2026-04-14 15:19:03,1,cycle_complete,"{""qr"": ""QR1"", ""hole"": 1, ""cycle_time_s"": 3.91}"
2026-04-14 15:19:03,1,detection,"{""qr_content"": ""QR1"", ""hole"": 1}"
2026-04-14 15:19:06,1,cycle_complete,"{""qr"": ""QR1"", ""hole"": 1, ""cycle_time_s"": 2.67}"
2026-04-14 15:19:10,1,detection,"{""qr_content"": ""QR1"", ""hole"": 1}"
2026-04-14 15:19:25,1,cycle_complete,"{""qr"": ""QR1"", ""hole"": 1, ""cycle_time_s"": 15.03}"
2026-04-14 15:19:26,1,detection,"{""qr_content"": ""QR1"", ""hole"": 1}"
2026-04-14 15:19:29,1,cycle_complete,"{""qr"": ""QR1"", ""hole"": 1, ""cycle_time_s"": 3.61}"
2026-04-14 15:19:29,1,detection,"{""qr_content"": ""QR1"", ""hole"": 1}"
2026-04-14 15:19:32,1,cycle_complete,"{""qr"": ""QR1"", ""hole"": 1, ""cycle_time_s"": 3.01}"
2026-04-14 15:19:32,1,detection,"{""qr_content"": ""QR1"", ""hole"": 1}"
2026-04-14 15:19:35,1,cycle_complete,"{""qr"": ""QR1"", ""hole"": 1, ""cycle_time_s"": 2.9}"
2026-04-14 15:19:35,1,detection,"{""qr_content"": ""QR1"", ""hole"": 1}"
2026-04-14 15:24:40,1,detection,"{""qr_content"": ""QR1"", ""hole"": 1}"
2026-04-14 15:24:46,1,cycle_complete,"{""qr"": ""QR1"", ""hole"": 1, ""cycle_time_s"": 5.9}"
2026-04-14 15:24:46,1,detection,"{""qr_content"": ""QR1"", ""hole"": 1}"
2026-04-14 15:24:49,1,cycle_complete,"{""qr"": ""QR1"", ""hole"": 1, ""cycle_time_s"": 3.72}"
2026-04-14 15:24:50,1,detection,"{""qr_content"": ""QR1"", ""hole"": 1}"
2026-04-14 15:24:53,1,cycle_complete,"{""qr"": ""QR1"", ""hole"": 1, ""cycle_time_s"": 3.49}"
2026-04-14 15:24:53,1,detection,"{""qr_content"": ""QR1"", ""hole"": 1}"
2026-04-14 15:24:59,1,cycle_complete,"{""qr"": ""QR1"", ""hole"": 1, ""cycle_time_s"": 5.45}"
2026-04-14 15:24:59,1,detection,"{""qr_content"": ""QR1"", ""hole"": 1}"
2026-04-14 15:25:05,1,cycle_complete,"{""qr"": ""QR1"", ""hole"": 1, ""cycle_time_s"": 6.45}"
2026-04-14 15:25:05,1,detection,"{""qr_content"": ""QR1"", ""hole"": 1}"
2026-04-14 15:27:27,1,detection,"{""qr_content"": ""QR1"", ""hole"": 1}"
2026-04-14 15:29:41,1,detection,"{""qr_content"": ""QR1"", ""hole"": 1}"
2026-04-14 15:34:13,1,detection,"{""qr_content"": ""QR1"", ""hole"": 1}"
2026-04-14 15:36:12,1,detection,"{""qr_content"": ""QR1"", ""hole"": 1}"
2026-04-14 15:36:27,1,error,"{""reason"": ""qr_not_found_on_floor"", ""floor_qr"": ""QR1""}"
2026-04-14 15:42:15,1,detection,"{""qr_content"": ""QR1"", ""hole"": 1}"
2026-04-14 15:46:08,1,detection,"{""qr_content"": ""QR1"", ""hole"": 1}"
2026-04-14 15:46:11,1,cycle_complete,"{""qr"": ""QR1"", ""hole"": 1, ""cycle_time_s"": 3.14}"
2026-04-14 15:46:20,1,detection,"{""qr_content"": ""QR1"", ""hole"": 1}"
2026-04-14 16:53:31,1,detection,"{""qr_content"": ""QR1"", ""hole"": 1}"
2026-04-14 17:01:25,1,detection,"{""qr_content"": ""QR1"", ""hole"": 1}"
2026-04-14 17:01:28,1,cycle_complete,"{""qr"": ""QR1"", ""hole"": 1, ""cycle_time_s"": 3.11}"
2026-04-14 17:01:29,1,detection,"{""qr_content"": ""QR1"", ""hole"": 1}"
2026-04-14 17:01:31,1,cycle_complete,"{""qr"": ""QR1"", ""hole"": 1, ""cycle_time_s"": 2.79}"
2026-04-14 17:01:37,1,detection,"{""qr_content"": ""QR1"", ""hole"": 1}"
2026-04-14 17:01:41,1,cycle_complete,"{""qr"": ""QR1"", ""hole"": 1, ""cycle_time_s"": 3.04}"
2026-04-14 17:01:42,1,detection,"{""qr_content"": ""QR1"", ""hole"": 1}"
2026-04-14 17:01:45,1,cycle_complete,"{""qr"": ""QR1"", ""hole"": 1, ""cycle_time_s"": 2.99}"
2026-04-14 17:01:56,1,detection,"{""qr_content"": ""QR1"", ""hole"": 1}"
2026-04-14 17:02:00,1,cycle_complete,"{""qr"": ""QR1"", ""hole"": 1, ""cycle_time_s"": 3.94}"
2026-04-14 17:02:02,1,detection,"{""qr_content"": ""QR1"", ""hole"": 1}"
2026-04-14 17:02:06,1,cycle_complete,"{""qr"": ""QR1"", ""hole"": 1, ""cycle_time_s"": 4.45}"
2026-04-14 17:04:37,1,detection,"{""qr_content"": ""QR1"", ""hole"": 1}"
2026-04-14 17:04:44,1,cycle_complete,"{""qr"": ""QR1"", ""hole"": 1, ""cycle_time_s"": 7.12}"
2026-04-14 17:04:45,1,detection,"{""qr_content"": ""QR1"", ""hole"": 1}"
2026-04-14 17:10:50,1,detection,"{""qr_content"": ""QR1"", ""hole"": 1}"
2026-04-14 17:14:21,1,detection,"{""qr_content"": ""QR1"", ""hole"": 1}"
2026-04-14 17:14:33,1,error,"{""reason"": ""qr_not_found_on_floor"", ""floor_qr"": ""QR1""}"
2026-04-14 17:17:07,1,detection,"{""qr_content"": ""QR1"", ""hole"": 1}"
2026-04-14 17:17:11,1,cycle_complete,"{""qr"": ""QR1"", ""hole"": 1, ""cycle_time_s"": 3.85}"
2026-04-14 17:17:11,1,detection,"{""qr_content"": ""QR1"", ""hole"": 1}"
2026-04-14 17:17:14,1,cycle_complete,"{""qr"": ""QR1"", ""hole"": 1, ""cycle_time_s"": 3.15}"
2026-04-14 17:17:15,1,detection,"{""qr_content"": ""QR1"", ""hole"": 1}"
2026-04-14 17:17:18,1,cycle_complete,"{""qr"": ""QR1"", ""hole"": 1, ""cycle_time_s"": 3.35}"
2026-04-14 17:17:19,1,detection,"{""qr_content"": ""QR1"", ""hole"": 1}"
2026-04-14 17:17:22,1,cycle_complete,"{""qr"": ""QR1"", ""hole"": 1, ""cycle_time_s"": 3.18}"
2026-04-14 17:17:22,1,detection,"{""qr_content"": ""QR1"", ""hole"": 1}"
2026-04-14 17:17:25,1,cycle_complete,"{""qr"": ""QR1"", ""hole"": 1, ""cycle_time_s"": 3.16}"
2026-04-14 17:17:25,1,detection,"{""qr_content"": ""QR1"", ""hole"": 1}"
2026-04-14 17:17:29,1,cycle_complete,"{""qr"": ""QR1"", ""hole"": 1, ""cycle_time_s"": 3.24}"
2026-04-14 17:17:29,1,detection,"{""qr_content"": ""QR1"", ""hole"": 1}"
2026-04-14 17:17:32,1,cycle_complete,"{""qr"": ""QR1"", ""hole"": 1, ""cycle_time_s"": 3.05}"
2026-04-14 17:17:32,1,detection,"{""qr_content"": ""QR1"", ""hole"": 1}"
2026-04-14 17:17:35,1,cycle_complete,"{""qr"": ""QR1"", ""hole"": 1, ""cycle_time_s"": 3.07}"
2026-04-14 17:17:36,1,detection,"{""qr_content"": ""QR1"", ""hole"": 1}"
2026-04-14 17:17:39,1,cycle_complete,"{""qr"": ""QR1"", ""hole"": 1, ""cycle_time_s"": 3.35}"
2026-04-14 17:17:40,1,detection,"{""qr_content"": ""QR1"", ""hole"": 1}"
2026-04-14 17:17:43,1,cycle_complete,"{""qr"": ""QR1"", ""hole"": 1, ""cycle_time_s"": 3.06}"
2026-04-14 17:18:54,1,detection,"{""qr_content"": ""QR1"", ""hole"": 1}"
2026-04-14 17:18:57,1,cycle_complete,"{""qr"": ""QR1"", ""hole"": 1, ""cycle_time_s"": 2.88}"
2026-04-14 17:18:57,1,detection,"{""qr_content"": ""QR1"", ""hole"": 1}"
2026-04-14 17:19:00,1,cycle_complete,"{""qr"": ""QR1"", ""hole"": 1, ""cycle_time_s"": 3.25}"
2026-04-14 17:19:01,1,detection,"{""qr_content"": ""QR1"", ""hole"": 1}"
2026-04-14 17:19:04,1,cycle_complete,"{""qr"": ""QR1"", ""hole"": 1, ""cycle_time_s"": 3.05}"
2026-04-14 17:24:04,1,detection,"{""qr_content"": ""QR1"", ""hole"": 1}"
2026-04-14 17:24:09,1,cycle_complete,"{""qr"": ""QR1"", ""hole"": 1, ""cycle_time_s"": 4.72}"
2026-04-14 17:24:12,1,detection,"{""qr_content"": ""QR1"", ""hole"": 1}"
2026-04-14 17:24:41,1,detection,"{""qr_content"": ""QR1"", ""hole"": 1}"
2026-04-14 17:24:45,1,cycle_complete,"{""qr"": ""QR1"", ""hole"": 1, ""cycle_time_s"": 3.56}"
2026-04-14 17:24:47,1,detection,"{""qr_content"": ""QR1"", ""hole"": 1}"
2026-04-14 17:24:50,1,cycle_complete,"{""qr"": ""QR1"", ""hole"": 1, ""cycle_time_s"": 2.89}"
2026-04-14 17:24:50,1,detection,"{""qr_content"": ""QR1"", ""hole"": 1}"
2026-04-14 17:24:54,1,cycle_complete,"{""qr"": ""QR1"", ""hole"": 1, ""cycle_time_s"": 3.45}"
2026-04-14 17:24:54,1,detection,"{""qr_content"": ""QR1"", ""hole"": 1}"
2026-04-14 17:24:58,1,cycle_complete,"{""qr"": ""QR1"", ""hole"": 1, ""cycle_time_s"": 3.25}"
2026-04-14 17:25:05,1,detection,"{""qr_content"": ""QR1"", ""hole"": 1}"
2026-04-14 17:25:11,1,cycle_complete,"{""qr"": ""QR1"", ""hole"": 1, ""cycle_time_s"": 6.64}"
2026-04-14 17:25:12,1,detection,"{""qr_content"": ""QR1"", ""hole"": 1}"
2026-04-14 17:25:15,1,cycle_complete,"{""qr"": ""QR1"", ""hole"": 1, ""cycle_time_s"": 3.12}"
2026-04-14 17:25:43,1,detection,"{""qr_content"": ""QR1"", ""hole"": 1}"
2026-04-14 17:25:46,1,cycle_complete,"{""qr"": ""QR1"", ""hole"": 1, ""cycle_time_s"": 2.91}"
2026-04-14 17:25:46,1,detection,"{""qr_content"": ""QR1"", ""hole"": 1}"
2026-04-14 17:25:49,1,cycle_complete,"{""qr"": ""QR1"", ""hole"": 1, ""cycle_time_s"": 3.04}"
2026-04-14 17:25:49,1,detection,"{""qr_content"": ""QR1"", ""hole"": 1}"
2026-04-14 17:25:53,1,cycle_complete,"{""qr"": ""QR1"", ""hole"": 1, ""cycle_time_s"": 3.74}"
2026-04-14 17:26:15,1,detection,"{""qr_content"": ""QR1"", ""hole"": 1}"
2026-04-14 17:26:33,1,detection,"{""qr_content"": ""QR1"", ""hole"": 1}"
2026-04-14 17:26:39,1,cycle_complete,"{""qr"": ""QR1"", ""hole"": 1, ""cycle_time_s"": 5.32}"
